filename,label
recyclable_000001_photo.jpg,recyclable
recyclable_000002_photo.jpg,recyclable
recyclable_000003_photo.jpg,recyclable
recyclable_000004_photo.jpg,recyclable
recyclable_000005_photo.jpg,recyclable
recyclable_000006_photo.jpg,recyclable
recyclable_000007_photo.jpg,recyclable
recyclable_000008_photo.jpg,recyclable
recyclable_000009_photo.jpg,recyclable
recyclable_000010_photo.jpg,recyclable
recyclable_000011_photo.jpg,recyclable
recyclable_000012_photo.jpg,recyclable
recyclable_000013_photo.jpg,recyclable
recyclable_000014_photo.jpg,recyclable
recyclable_000015_photo.jpg,recyclable
recyclable_000016_photo.jpg,recyclable
recyclable_000017_photo.jpg,recyclable
recyclable_000018_photo.jpg,recyclable
recyclable_000019_photo.jpg,recyclable
recyclable_000020_photo.jpg,recyclable
recyclable_000021_photo.jpg,recyclable
recyclable_000022_photo.jpg,recyclable
recyclable_000023_photo.jpg,recyclable
recyclable_000024_photo.jpg,recyclable
recyclable_000025_photo.jpg,recyclable
recyclable_000026_photo.jpg,recyclable
recyclable_000027_photo.jpg,recyclable
recyclable_000028_photo.jpg,recyclable
recyclable_000029_photo.jpg,recyclable
recyclable_000030_photo.jpg,recyclable
recyclable_000031_photo.jpg,recyclable
recyclable_000032_photo.jpg,recyclable
recyclable_000033_photo.jpg,recyclable
recyclable_000034_photo.jpg,recyclable
recyclable_000035_photo.jpg,recyclable
recyclable_000036_photo.jpg,recyclable
recyclable_000037_photo.jpg,recyclable
recyclable_000038_photo.jpg,recyclable
recyclable_000039_photo.jpg,recyclable
recyclable_000040_photo.jpg,recyclable
recyclable_000041_photo.jpg,recyclable
recyclable_000042_photo.jpg,recyclable
recyclable_000043_photo.jpg,recyclable
recyclable_000044_photo.jpg,recyclable
recyclable_000045_photo.jpg,recyclable
recyclable_000046_photo.jpg,recyclable
recyclable_000047_photo.jpg,recyclable
recyclable_000048_photo.jpg,recyclable
recyclable_000049_photo.jpg,recyclable
recyclable_000050_photo.jpg,recyclable
recyclable_000051_photo.jpg,recyclable
recyclable_000052_photo.jpg,recyclable
recyclable_000053_photo.jpg,recyclable
recyclable_000054_photo.jpg,recyclable
recyclable_000055_photo.jpg,recyclable
recyclable_000056_photo.jpg,recyclable
recyclable_000057_photo.jpg,recyclable
recyclable_000058_photo.jpg,recyclable
recyclable_000059_photo.jpg,recyclable
recyclable_000060_photo.jpg,recyclable
recyclable_000061_photo.jpg,recyclable
recyclable_000062_photo.jpg,recyclable
recyclable_000063_photo.jpg,recyclable
recyclable_000064_photo.jpg,recyclable
recyclable_000065_photo.jpg,recyclable
recyclable_000066_photo.jpg,recyclable
recyclable_000067_photo.jpg,recyclable
recyclable_000068_photo.jpg,recyclable
recyclable_000069_photo.jpg,recyclable
recyclable_000070_photo.jpg,recyclable
recyclable_000071_photo.jpg,recyclable
recyclable_000072_photo.jpg,recyclable
recyclable_000073_photo.jpg,recyclable
recyclable_000074_photo.jpg,recyclable
recyclable_000075_photo.jpg,recyclable
recyclable_000076_photo.jpg,recyclable
recyclable_000077_photo.jpg,recyclable
recyclable_000078_photo.jpg,recyclable
recyclable_000079_photo.jpg,recyclable
recyclable_000080_photo.jpg,recyclable
recyclable_000081_photo.jpg,recyclable
recyclable_000082_photo.jpg,recyclable
recyclable_000083_photo.jpg,recyclable
recyclable_000084_photo.jpg,recyclable
recyclable_000085_photo.jpg,recyclable
recyclable_000086_photo.jpg,recyclable
recyclable_000087_photo.jpg,recyclable
recyclable_000088_photo.jpg,recyclable
recyclable_000089_photo.jpg,recyclable
recyclable_000090_photo.jpg,recyclable
recyclable_000091_photo.jpg,recyclable
recyclable_000092_photo.jpg,recyclable
recyclable_000093_photo.jpg,recyclable
recyclable_000094_photo.jpg,recyclable
recyclable_000095_photo.jpg,recyclable
recyclable_000096_photo.jpg,recyclable
recyclable_000097_photo.jpg,recyclable
recyclable_000098_photo.jpg,recyclable
recyclable_000099_photo.jpg,recyclable
recyclable_000100_photo.jpg,recyclable
recyclable_000101_photo.jpg,recyclable
recyclable_000102_photo.jpg,recyclable
recyclable_000103_photo.jpg,recyclable
recyclable_000104_photo.jpg,recyclable
recyclable_000105_photo.jpg,recyclable
recyclable_000106_photo.jpg,recyclable
recyclable_000107_photo.jpg,recyclable
recyclable_000108_photo.jpg,recyclable
recyclable_000109_photo.jpg,recyclable
recyclable_000110_photo.jpg,recyclable
recyclable_000111_photo.jpg,recyclable
recyclable_000112_photo.jpg,recyclable
recyclable_000113_photo.jpg,recyclable
recyclable_000114_photo.jpg,recyclable
recyclable_000115_photo.jpg,recyclable
recyclable_000116_photo.jpg,recyclable
recyclable_000117_photo.jpg,recyclable
recyclable_000118_photo.jpg,recyclable
recyclable_000119_photo.jpg,recyclable
recyclable_000120_photo.jpg,recyclable
recyclable_000121_photo.jpg,recyclable
recyclable_000122_photo.jpg,recyclable
recyclable_000123_photo.jpg,recyclable
recyclable_000124_photo.jpg,recyclable
recyclable_000125_photo.jpg,recyclable
recyclable_000126_photo.jpg,recyclable
recyclable_000127_photo.jpg,recyclable
recyclable_000128_photo.jpg,recyclable
recyclable_000129_photo.jpg,recyclable
recyclable_000130_photo.jpg,recyclable
recyclable_000131_photo.jpg,recyclable
recyclable_000132_photo.jpg,recyclable
recyclable_000133_photo.jpg,recyclable
recyclable_000134_photo.jpg,recyclable
recyclable_000135_photo.jpg,recyclable
recyclable_000136_photo.jpg,recyclable
recyclable_000137_photo.jpg,recyclable
recyclable_000138_photo.jpg,recyclable
recyclable_000139_photo.jpg,recyclable
recyclable_000140_photo.jpg,recyclable
recyclable_000141_photo.jpg,recyclable
recyclable_000142_photo.jpg,recyclable
recyclable_000143_photo.jpg,recyclable
recyclable_000144_photo.jpg,recyclable
recyclable_000145_photo.jpg,recyclable
recyclable_000146_photo.jpg,recyclable
recyclable_000147_photo.jpg,recyclable
recyclable_000148_photo.jpg,recyclable
recyclable_000149_photo.jpg,recyclable
recyclable_000150_photo.jpg,recyclable
recyclable_000151_photo.jpg,recyclable
recyclable_000152_photo.jpg,recyclable
recyclable_000153_photo.jpg,recyclable
recyclable_000154_photo.jpg,recyclable
recyclable_000155_photo.jpg,recyclable
recyclable_000156_photo.jpg,recyclable
recyclable_000157_photo.jpg,recyclable
recyclable_000158_photo.jpg,recyclable
recyclable_000159_photo.jpg,recyclable
recyclable_000160_photo.jpg,recyclable
recyclable_000161_photo.jpg,recyclable
recyclable_000162_photo.jpg,recyclable
recyclable_000163_photo.jpg,recyclable
recyclable_000164_photo.jpg,recyclable
recyclable_000165_photo.jpg,recyclable
recyclable_000166_photo.jpg,recyclable
recyclable_000167_photo.jpg,recyclable
recyclable_000168_photo.jpg,recyclable
recyclable_000169_photo.jpg,recyclable
recyclable_000170_photo.jpg,recyclable
recyclable_000171_photo.jpg,recyclable
recyclable_000172_photo.jpg,recyclable
recyclable_000173_photo.jpg,recyclable
recyclable_000174_photo.jpg,recyclable
recyclable_000175_photo.jpg,recyclable
recyclable_000176_photo.jpg,recyclable
recyclable_000177_photo.jpg,recyclable
recyclable_000178_photo.jpg,recyclable
recyclable_000179_photo.jpg,recyclable
recyclable_000180_photo.jpg,recyclable
recyclable_000181_photo.jpg,recyclable
recyclable_000182_photo.jpg,recyclable
recyclable_000183_photo.jpg,recyclable
recyclable_000184_photo.jpg,recyclable
recyclable_000185_photo.jpg,recyclable
recyclable_000186_photo.jpg,recyclable
recyclable_000187_photo.jpg,recyclable
recyclable_000188_photo.jpg,recyclable
recyclable_000189_photo.jpg,recyclable
recyclable_000190_photo.jpg,recyclable
recyclable_000191_photo.jpg,recyclable
recyclable_000192_photo.jpg,recyclable
recyclable_000193_photo.jpg,recyclable
recyclable_000194_photo.jpg,recyclable
recyclable_000195_photo.jpg,recyclable
recyclable_000196_photo.jpg,recyclable
recyclable_000197_photo.jpg,recyclable
recyclable_000198_photo.jpg,recyclable
recyclable_000199_photo.jpg,recyclable
recyclable_000200_photo.jpg,recyclable
recyclable_000201_photo.jpg,recyclable
recyclable_000202_photo.jpg,recyclable
recyclable_000203_photo.jpg,recyclable
recyclable_000204_photo.jpg,recyclable
recyclable_000205_photo.jpg,recyclable
recyclable_000206_photo.jpg,recyclable
recyclable_000207_photo.jpg,recyclable
recyclable_000208_photo.jpg,recyclable
recyclable_000209_photo.jpg,recyclable
recyclable_000210_photo.jpg,recyclable
recyclable_000211_photo.jpg,recyclable
recyclable_000212_photo.jpg,recyclable
recyclable_000213_photo.jpg,recyclable
recyclable_000214_photo.jpg,recyclable
recyclable_000215_photo.jpg,recyclable
recyclable_000216_photo.jpg,recyclable
recyclable_000217_photo.jpg,recyclable
recyclable_000218_photo.jpg,recyclable
recyclable_000219_photo.jpg,recyclable
recyclable_000220_photo.jpg,recyclable
recyclable_000221_photo.jpg,recyclable
recyclable_000222_photo.jpg,recyclable
recyclable_000223_photo.jpg,recyclable
recyclable_000224_photo.jpg,recyclable
recyclable_000225_photo.jpg,recyclable
recyclable_000226_photo.jpg,recyclable
recyclable_000227_photo.jpg,recyclable
recyclable_000228_photo.jpg,recyclable
recyclable_000229_photo.jpg,recyclable
recyclable_000230_photo.jpg,recyclable
recyclable_000231_photo.jpg,recyclable
recyclable_000232_photo.jpg,recyclable
recyclable_000233_photo.jpg,recyclable
recyclable_000234_photo.jpg,recyclable
recyclable_000235_photo.jpg,recyclable
recyclable_000236_photo.jpg,recyclable
recyclable_000237_photo.jpg,recyclable
recyclable_000238_photo.jpg,recyclable
recyclable_000239_photo.jpg,recyclable
recyclable_000240_photo.jpg,recyclable
recyclable_000241_photo.jpg,recyclable
recyclable_000242_photo.jpg,recyclable
recyclable_000243_photo.jpg,recyclable
recyclable_000244_photo.jpg,recyclable
recyclable_000245_photo.jpg,recyclable
recyclable_000246_photo.jpg,recyclable
recyclable_000247_photo.jpg,recyclable
recyclable_000248_photo.jpg,recyclable
recyclable_000249_photo.jpg,recyclable
recyclable_000250_photo.jpg,recyclable
recyclable_000251_photo.jpg,recyclable
recyclable_000252_photo.jpg,recyclable
recyclable_000253_photo.jpg,recyclable
recyclable_000254_photo.jpg,recyclable
recyclable_000255_photo.jpg,recyclable
recyclable_000256_photo.jpg,recyclable
recyclable_000257_photo.jpg,recyclable
recyclable_000258_photo.jpg,recyclable
recyclable_000259_photo.jpg,recyclable
recyclable_000260_photo.jpg,recyclable
recyclable_000261_photo.jpg,recyclable
recyclable_000262_photo.jpg,recyclable
recyclable_000263_photo.jpg,recyclable
recyclable_000264_photo.jpg,recyclable
recyclable_000265_photo.jpg,recyclable
recyclable_000266_photo.jpg,recyclable
recyclable_000267_photo.jpg,recyclable
recyclable_000268_photo.jpg,recyclable
recyclable_000269_photo.jpg,recyclable
recyclable_000270_photo.jpg,recyclable
recyclable_000271_photo.jpg,recyclable
recyclable_000272_photo.jpg,recyclable
recyclable_000273_photo.jpg,recyclable
recyclable_000274_photo.jpg,recyclable
recyclable_000275_photo.jpg,recyclable
recyclable_000276_photo.jpg,recyclable
recyclable_000277_photo.jpg,recyclable
recyclable_000278_photo.jpg,recyclable
recyclable_000279_photo.jpg,recyclable
recyclable_000280_photo.jpg,recyclable
recyclable_000281_photo.jpg,recyclable
recyclable_000282_photo.jpg,recyclable
recyclable_000283_photo.jpg,recyclable
recyclable_000284_photo.jpg,recyclable
recyclable_000285_photo.jpg,recyclable
recyclable_000286_photo.jpg,recyclable
recyclable_000287_photo.jpg,recyclable
recyclable_000288_photo.jpg,recyclable
recyclable_000289_photo.jpg,recyclable
recyclable_000290_photo.jpg,recyclable
recyclable_000291_photo.jpg,recyclable
recyclable_000292_photo.jpg,recyclable
recyclable_000293_photo.jpg,recyclable
recyclable_000294_photo.jpg,recyclable
recyclable_000295_photo.jpg,recyclable
recyclable_000296_photo.jpg,recyclable
recyclable_000297_photo.jpg,recyclable
recyclable_000298_photo.jpg,recyclable
recyclable_000299_photo.jpg,recyclable
recyclable_000300_photo.jpg,recyclable
recyclable_000301_photo.jpg,recyclable
recyclable_000302_photo.jpg,recyclable
recyclable_000303_photo.jpg,recyclable
recyclable_000304_photo.jpg,recyclable
recyclable_000305_photo.jpg,recyclable
recyclable_000306_photo.jpg,recyclable
recyclable_000307_photo.jpg,recyclable
recyclable_000308_photo.jpg,recyclable
recyclable_000309_photo.jpg,recyclable
recyclable_000310_photo.jpg,recyclable
recyclable_000311_photo.jpg,recyclable
recyclable_000312_photo.jpg,recyclable
recyclable_000313_photo.jpg,recyclable
recyclable_000314_photo.jpg,recyclable
recyclable_000315_photo.jpg,recyclable
recyclable_000316_photo.jpg,recyclable
recyclable_000317_photo.jpg,recyclable
recyclable_000318_photo.jpg,recyclable
recyclable_000319_photo.jpg,recyclable
recyclable_000320_photo.jpg,recyclable
recyclable_000321_photo.jpg,recyclable
recyclable_000322_photo.jpg,recyclable
recyclable_000323_photo.jpg,recyclable
recyclable_000324_photo.jpg,recyclable
recyclable_000325_photo.jpg,recyclable
recyclable_000326_photo.jpg,recyclable
recyclable_000327_photo.jpg,recyclable
recyclable_000328_photo.jpg,recyclable
recyclable_000329_photo.jpg,recyclable
recyclable_000330_photo.jpg,recyclable
recyclable_000331_photo.jpg,recyclable
recyclable_000332_photo.jpg,recyclable
recyclable_000333_photo.jpg,recyclable
recyclable_000334_photo.jpg,recyclable
recyclable_000335_photo.jpg,recyclable
recyclable_000336_photo.jpg,recyclable
recyclable_000337_photo.jpg,recyclable
recyclable_000338_photo.jpg,recyclable
recyclable_000339_photo.jpg,recyclable
recyclable_000340_photo.jpg,recyclable
recyclable_000341_photo.jpg,recyclable
recyclable_000342_photo.jpg,recyclable
recyclable_000343_photo.jpg,recyclable
recyclable_000344_photo.jpg,recyclable
recyclable_000345_photo.jpg,recyclable
recyclable_000346_photo.jpg,recyclable
recyclable_000347_photo.jpg,recyclable
recyclable_000348_photo.jpg,recyclable
recyclable_000349_photo.jpg,recyclable
recyclable_000350_photo.jpg,recyclable
recyclable_000351_photo.jpg,recyclable
recyclable_000352_photo.jpg,recyclable
recyclable_000353_photo.jpg,recyclable
recyclable_000354_photo.jpg,recyclable
recyclable_000355_photo.jpg,recyclable
recyclable_000356_photo.jpg,recyclable
recyclable_000357_photo.jpg,recyclable
recyclable_000358_photo.jpg,recyclable
recyclable_000359_photo.jpg,recyclable
recyclable_000360_photo.jpg,recyclable
recyclable_000361_photo.jpg,recyclable
recyclable_000362_photo.jpg,recyclable
recyclable_000363_photo.jpg,recyclable
recyclable_000364_photo.jpg,recyclable
recyclable_000365_photo.jpg,recyclable
recyclable_000366_photo.jpg,recyclable
recyclable_000367_photo.jpg,recyclable
recyclable_000368_photo.jpg,recyclable
recyclable_000369_photo.jpg,recyclable
recyclable_000370_photo.jpg,recyclable
recyclable_000371_photo.jpg,recyclable
recyclable_000372_photo.jpg,recyclable
recyclable_000373_photo.jpg,recyclable
recyclable_000374_photo.jpg,recyclable
recyclable_000375_photo.jpg,recyclable
recyclable_000376_photo.jpg,recyclable
recyclable_000377_photo.jpg,recyclable
recyclable_000378_photo.jpg,recyclable
recyclable_000379_photo.jpg,recyclable
recyclable_000380_photo.jpg,recyclable
recyclable_000381_photo.jpg,recyclable
recyclable_000382_photo.jpg,recyclable
recyclable_000383_photo.jpg,recyclable
recyclable_000384_photo.jpg,recyclable
recyclable_000385_photo.jpg,recyclable
recyclable_000386_photo.jpg,recyclable
recyclable_000387_photo.jpg,recyclable
recyclable_000388_photo.jpg,recyclable
recyclable_000389_photo.jpg,recyclable
recyclable_000390_photo.jpg,recyclable
recyclable_000391_photo.jpg,recyclable
recyclable_000392_photo.jpg,recyclable
recyclable_000393_photo.jpg,recyclable
recyclable_000394_photo.jpg,recyclable
recyclable_000395_photo.jpg,recyclable
recyclable_000396_photo.jpg,recyclable
recyclable_000397_photo.jpg,recyclable
recyclable_000398_photo.jpg,recyclable
recyclable_000399_photo.jpg,recyclable
recyclable_000400_photo.jpg,recyclable
recyclable_000401_photo.jpg,recyclable
recyclable_000402_photo.jpg,recyclable
recyclable_000403_photo.jpg,recyclable
recyclable_000404_photo.jpg,recyclable
recyclable_000405_photo.jpg,recyclable
recyclable_000406_photo.jpg,recyclable
recyclable_000407_photo.jpg,recyclable
recyclable_000408_photo.jpg,recyclable
recyclable_000410_photo.jpg,recyclable
recyclable_000411_photo.jpg,recyclable
recyclable_000412_photo.jpg,recyclable
recyclable_000413_photo.jpg,recyclable
recyclable_000414_photo.jpg,recyclable
recyclable_000415_photo.jpg,recyclable
recyclable_000416_photo.jpg,recyclable
recyclable_000417_photo.jpg,recyclable
recyclable_000418_photo.jpg,recyclable
recyclable_000419_photo.jpg,recyclable
recyclable_000420_photo.jpg,recyclable
recyclable_000421_photo.jpg,recyclable
recyclable_000422_photo.jpg,recyclable
recyclable_000423_photo.jpg,recyclable
recyclable_000424_photo.jpg,recyclable
recyclable_000425_photo.jpg,recyclable
recyclable_000426_photo.jpg,recyclable
recyclable_000427_photo.jpg,recyclable
recyclable_000428_photo.jpg,recyclable
recyclable_000429_photo.jpg,recyclable
recyclable_000430_photo.jpg,recyclable
recyclable_000431_photo.jpg,recyclable
recyclable_000432_photo.jpg,recyclable
recyclable_000433_photo.jpg,recyclable
recyclable_000434_photo.jpg,recyclable
recyclable_000435_photo.jpg,recyclable
recyclable_000436_photo.jpg,recyclable
recyclable_000437_photo.jpg,recyclable
recyclable_000438_photo.jpg,recyclable
recyclable_000439_photo.jpg,recyclable
recyclable_000440_photo.jpg,recyclable
recyclable_000441_photo.jpg,recyclable
recyclable_000442_photo.jpg,recyclable
recyclable_000443_photo.jpg,recyclable
recyclable_000444_photo.jpg,recyclable
recyclable_000445_photo.jpg,recyclable
recyclable_000446_photo.jpg,recyclable
recyclable_000447_photo.jpg,recyclable
recyclable_000448_photo.jpg,recyclable
recyclable_000449_photo.jpg,recyclable
recyclable_000450_photo.jpg,recyclable
recyclable_000451_photo.jpg,recyclable
recyclable_000452_photo.jpg,recyclable
recyclable_000453_photo.jpg,recyclable
recyclable_000454_photo.jpg,recyclable
recyclable_000455_photo.jpg,recyclable
recyclable_000456_photo.jpg,recyclable
recyclable_000457_photo.jpg,recyclable
recyclable_000458_photo.jpg,recyclable
recyclable_000459_photo.jpg,recyclable
recyclable_000460_photo.jpg,recyclable
recyclable_000461_photo.jpg,recyclable
recyclable_000462_photo.jpg,recyclable
recyclable_000463_photo.jpg,recyclable
recyclable_000464_photo.jpg,recyclable
recyclable_000465_photo.jpg,recyclable
recyclable_000466_photo.jpg,recyclable
recyclable_000467_photo.jpg,recyclable
recyclable_000468_photo.jpg,recyclable
recyclable_000469_photo.jpg,recyclable
recyclable_000470_photo.jpg,recyclable
recyclable_000471_photo.jpg,recyclable
recyclable_000472_photo.jpg,recyclable
recyclable_000473_photo.jpg,recyclable
recyclable_000474_photo.jpg,recyclable
recyclable_000475_photo.jpg,recyclable
recyclable_000476_photo.jpg,recyclable
recyclable_000477_photo.jpg,recyclable
recyclable_000479_photo.jpg,recyclable
recyclable_000480_photo.jpg,recyclable
recyclable_000481_photo.jpg,recyclable
recyclable_000482_photo.jpg,recyclable
recyclable_000483_photo.jpg,recyclable
recyclable_000484_photo.jpg,recyclable
recyclable_000485_photo.jpg,recyclable
recyclable_000486_photo.jpg,recyclable
recyclable_000487_photo.jpg,recyclable
recyclable_000488_photo.jpg,recyclable
recyclable_000489_photo.jpg,recyclable
recyclable_000490_photo.jpg,recyclable
recyclable_000491_photo.jpg,recyclable
recyclable_000492_photo.jpg,recyclable
recyclable_000493_photo.jpg,recyclable
recyclable_000494_photo.jpg,recyclable
recyclable_000495_photo.jpg,recyclable
recyclable_000496_photo.jpg,recyclable
recyclable_000497_photo.jpg,recyclable
recyclable_000498_photo.jpg,recyclable
recyclable_000499_photo.jpg,recyclable
recyclable_000500_photo.jpg,recyclable
recyclable_000501_photo.jpg,recyclable
recyclable_000502_photo.jpg,recyclable
recyclable_000503_photo.jpg,recyclable
recyclable_000504_photo.jpg,recyclable
recyclable_000505_photo.jpg,recyclable
recyclable_000506_photo.jpg,recyclable
recyclable_000507_photo.jpg,recyclable
recyclable_000508_photo.jpg,recyclable
recyclable_000509_photo.jpg,recyclable
recyclable_000510_photo.jpg,recyclable
recyclable_000511_photo.jpg,recyclable
recyclable_000512_photo.jpg,recyclable
recyclable_000514_photo.jpg,recyclable
recyclable_000515_photo.jpg,recyclable
recyclable_000516_photo.jpg,recyclable
recyclable_000517_photo.jpg,recyclable
recyclable_000520_photo.jpg,recyclable
recyclable_000521_photo.jpg,recyclable
recyclable_000522_photo.jpg,recyclable
recyclable_000523_photo.jpg,recyclable
recyclable_000524_photo.jpg,recyclable
recyclable_000525_photo.jpg,recyclable
recyclable_000526_photo.jpg,recyclable
recyclable_000527_photo.jpg,recyclable
recyclable_000528_photo.jpg,recyclable
recyclable_000529_photo.jpg,recyclable
recyclable_000530_photo.jpg,recyclable
recyclable_000531_photo.jpg,recyclable
recyclable_000532_photo.jpg,recyclable
recyclable_000533_photo.jpg,recyclable
recyclable_000534_photo.jpg,recyclable
recyclable_000535_photo.jpg,recyclable
recyclable_000536_photo.jpg,recyclable
recyclable_000537_photo.jpg,recyclable
recyclable_000538_photo.jpg,recyclable
recyclable_000539_photo.jpg,recyclable
recyclable_000540_photo.jpg,recyclable
recyclable_000541_photo.jpg,recyclable
recyclable_000543_photo.jpg,recyclable
recyclable_000544_photo.jpg,recyclable
recyclable_000545_photo.jpg,recyclable
recyclable_000546_photo.jpg,recyclable
recyclable_000547_photo.jpg,recyclable
recyclable_000548_photo.jpg,recyclable
recyclable_000549_photo.jpg,recyclable
recyclable_000550_photo.jpg,recyclable
recyclable_000551_photo.jpg,recyclable
recyclable_000552_photo.jpg,recyclable
recyclable_000553_photo.jpg,recyclable
recyclable_000554_photo.jpg,recyclable
recyclable_000555_photo.jpg,recyclable
recyclable_000556_photo.jpg,recyclable
recyclable_000557_photo.jpg,recyclable
recyclable_000558_photo.jpg,recyclable
recyclable_000559_photo.jpg,recyclable
recyclable_000560_photo.jpg,recyclable
recyclable_000561_photo.jpg,recyclable
recyclable_000562_photo.jpg,recyclable
recyclable_000563_photo.jpg,recyclable
recyclable_000564_photo.jpg,recyclable
recyclable_000565_photo.jpg,recyclable
recyclable_000566_photo.jpg,recyclable
recyclable_000567_photo.jpg,recyclable
recyclable_000568_photo.jpg,recyclable
recyclable_000569_photo.jpg,recyclable
recyclable_000570_photo.jpg,recyclable
recyclable_000571_photo.jpg,recyclable
recyclable_000572_photo.jpg,recyclable
recyclable_000573_photo.jpg,recyclable
recyclable_000574_photo.jpg,recyclable
recyclable_000575_photo.jpg,recyclable
recyclable_000576_photo.jpg,recyclable
recyclable_000577_photo.jpg,recyclable
recyclable_000578_photo.jpg,recyclable
recyclable_000579_photo.jpg,recyclable
recyclable_000580_photo.jpg,recyclable
recyclable_000581_photo.jpg,recyclable
recyclable_000582_photo.jpg,recyclable
recyclable_000583_photo.jpg,recyclable
recyclable_000584_photo.jpg,recyclable
recyclable_000585_photo.jpg,recyclable
recyclable_000586_photo.jpg,recyclable
recyclable_000587_photo.jpg,recyclable
recyclable_000588_photo.jpg,recyclable
recyclable_000589_photo.jpg,recyclable
recyclable_000590_photo.jpg,recyclable
recyclable_000591_photo.jpg,recyclable
recyclable_000592_photo.jpg,recyclable
recyclable_000593_photo.jpg,recyclable
recyclable_000594_photo.jpg,recyclable
recyclable_000595_photo.jpg,recyclable
recyclable_000596_photo.jpg,recyclable
recyclable_000597_photo.jpg,recyclable
recyclable_000598_photo.jpg,recyclable
recyclable_000599_photo.jpg,recyclable
recyclable_000600_photo.jpg,recyclable
recyclable_000601_photo.jpg,recyclable
recyclable_000602_photo.jpg,recyclable
recyclable_000603_photo.jpg,recyclable
recyclable_000604_photo.jpg,recyclable
recyclable_000606_photo.jpg,recyclable
recyclable_000607_photo.jpg,recyclable
recyclable_000608_photo.jpg,recyclable
recyclable_000609_photo.jpg,recyclable
recyclable_000610_photo.jpg,recyclable
recyclable_000611_photo.jpg,recyclable
recyclable_000612_photo.jpg,recyclable
recyclable_000613_photo.jpg,recyclable
recyclable_000614_photo.jpg,recyclable
recyclable_000615_photo.jpg,recyclable
recyclable_000616_photo.jpg,recyclable
recyclable_000617_photo.jpg,recyclable
recyclable_000618_photo.jpg,recyclable
recyclable_000619_photo.jpg,recyclable
recyclable_000620_photo.jpg,recyclable
recyclable_000621_photo.jpg,recyclable
recyclable_000622_photo.jpg,recyclable
recyclable_000623_photo.jpg,recyclable
recyclable_000624_photo.jpg,recyclable
recyclable_000625_photo.jpg,recyclable
recyclable_000626_photo.jpg,recyclable
recyclable_000627_photo.jpg,recyclable
recyclable_000628_photo.jpg,recyclable
recyclable_000629_photo.jpg,recyclable
recyclable_000630_photo.jpg,recyclable
recyclable_000631_photo.jpg,recyclable
recyclable_000632_photo.jpg,recyclable
recyclable_000633_photo.jpg,recyclable
recyclable_000634_photo.jpg,recyclable
recyclable_000635_photo.jpg,recyclable
recyclable_000636_photo.jpg,recyclable
recyclable_000637_photo.jpg,recyclable
recyclable_000638_photo.jpg,recyclable
recyclable_000639_photo.jpg,recyclable
recyclable_000640_photo.jpg,recyclable
recyclable_000641_photo.jpg,recyclable
recyclable_000642_photo.jpg,recyclable
recyclable_000643_photo.jpg,recyclable
recyclable_000644_photo.jpg,recyclable
recyclable_000645_photo.jpg,recyclable
recyclable_000646_photo.jpg,recyclable
recyclable_000647_photo.jpg,recyclable
recyclable_000648_photo.jpg,recyclable
recyclable_000649_photo.jpg,recyclable
recyclable_000650_photo.jpg,recyclable
recyclable_000651_photo.jpg,recyclable
recyclable_000652_photo.jpg,recyclable
recyclable_000653_photo.jpg,recyclable
recyclable_000654_photo.jpg,recyclable
recyclable_000655_photo.jpg,recyclable
recyclable_000656_photo.jpg,recyclable
recyclable_000657_photo.jpg,recyclable
recyclable_000658_photo.jpg,recyclable
recyclable_000659_photo.jpg,recyclable
recyclable_000660_photo.jpg,recyclable
recyclable_000661_photo.jpg,recyclable
recyclable_000662_photo.jpg,recyclable
recyclable_000663_photo.jpg,recyclable
recyclable_000664_photo.jpg,recyclable
recyclable_000665_photo.jpg,recyclable
recyclable_000666_photo.jpg,recyclable
recyclable_000667_photo.jpg,recyclable
recyclable_000668_photo.jpg,recyclable
recyclable_000669_photo.jpg,recyclable
recyclable_000670_photo.jpg,recyclable
recyclable_000671_photo.jpg,recyclable
recyclable_000672_photo.jpg,recyclable
recyclable_000673_photo.jpg,recyclable
recyclable_000674_photo.jpg,recyclable
recyclable_000675_photo.jpg,recyclable
recyclable_000676_photo.jpg,recyclable
recyclable_000677_photo.jpg,recyclable
recyclable_000678_photo.jpg,recyclable
recyclable_000679_photo.jpg,recyclable
recyclable_000680_photo.jpg,recyclable
recyclable_000681_photo.jpg,recyclable
recyclable_000682_photo.jpg,recyclable
recyclable_000683_photo.jpg,recyclable
recyclable_000684_photo.jpg,recyclable
recyclable_000685_photo.jpg,recyclable
recyclable_000686_photo.jpg,recyclable
recyclable_000687_photo.jpg,recyclable
recyclable_000688_photo.jpg,recyclable
recyclable_000689_photo.jpg,recyclable
recyclable_000690_photo.jpg,recyclable
recyclable_000691_photo.jpg,recyclable
recyclable_000692_photo.jpg,recyclable
recyclable_000693_photo.jpg,recyclable
recyclable_000694_photo.jpg,recyclable
recyclable_000695_photo.jpg,recyclable
recyclable_000696_photo.jpg,recyclable
recyclable_000697_photo.jpg,recyclable
recyclable_000698_photo.jpg,recyclable
recyclable_000699_photo.jpg,recyclable
recyclable_000700_photo.jpg,recyclable
recyclable_000701_photo.jpg,recyclable
recyclable_000702_photo.jpg,recyclable
recyclable_000703_photo.jpg,recyclable
recyclable_000704_photo.jpg,recyclable
recyclable_000706_photo.jpg,recyclable
recyclable_000707_photo.jpg,recyclable
recyclable_000708_photo.jpg,recyclable
recyclable_000709_photo.jpg,recyclable
recyclable_000711_photo.jpg,recyclable
recyclable_000712_photo.jpg,recyclable
recyclable_000713_photo.jpg,recyclable
recyclable_000714_photo.jpg,recyclable
recyclable_000715_photo.jpg,recyclable
recyclable_000716_photo.jpg,recyclable
recyclable_000717_photo.jpg,recyclable
recyclable_000718_photo.jpg,recyclable
recyclable_000719_photo.jpg,recyclable
recyclable_000720_photo.jpg,recyclable
recyclable_000721_photo.jpg,recyclable
recyclable_000722_photo.jpg,recyclable
recyclable_000723_photo.jpg,recyclable
recyclable_000724_photo.jpg,recyclable
recyclable_000725_photo.jpg,recyclable
recyclable_000726_photo.jpg,recyclable
recyclable_000727_photo.jpg,recyclable
recyclable_000728_photo.jpg,recyclable
recyclable_000729_photo.jpg,recyclable
recyclable_000731_photo.jpg,recyclable
recyclable_000732_photo.jpg,recyclable
recyclable_000733_photo.jpg,recyclable
recyclable_000734_photo.jpg,recyclable
recyclable_000735_photo.jpg,recyclable
recyclable_000736_photo.jpg,recyclable
recyclable_000737_photo.jpg,recyclable
recyclable_000738_photo.jpg,recyclable
recyclable_000739_photo.jpg,recyclable
recyclable_000740_photo.jpg,recyclable
recyclable_000741_photo.jpg,recyclable
recyclable_000742_photo.jpg,recyclable
recyclable_000743_photo.jpg,recyclable
recyclable_000744_photo.jpg,recyclable
recyclable_000745_photo.jpg,recyclable
recyclable_000746_photo.jpg,recyclable
recyclable_000747_photo.jpg,recyclable
recyclable_000748_photo.jpg,recyclable
recyclable_000749_photo.jpg,recyclable
recyclable_000750_photo.jpg,recyclable
recyclable_000751_photo.jpg,recyclable
recyclable_000752_photo.jpg,recyclable
recyclable_000753_photo.jpg,recyclable
recyclable_000754_photo.jpg,recyclable
recyclable_000755_photo.jpg,recyclable
recyclable_000756_photo.jpg,recyclable
recyclable_000757_photo.jpg,recyclable
recyclable_000758_photo.jpg,recyclable
recyclable_000759_photo.jpg,recyclable
recyclable_000760_photo.jpg,recyclable
recyclable_000761_photo.jpg,recyclable
recyclable_000762_photo.jpg,recyclable
recyclable_000763_photo.jpg,recyclable
recyclable_000764_photo.jpg,recyclable
recyclable_000765_photo.jpg,recyclable
recyclable_000766_photo.jpg,recyclable
recyclable_000767_photo.jpg,recyclable
recyclable_000768_photo.jpg,recyclable
recyclable_000769_photo.jpg,recyclable
recyclable_000770_photo.jpg,recyclable
recyclable_000771_photo.jpg,recyclable
recyclable_000772_photo.jpg,recyclable
recyclable_000773_photo.jpg,recyclable
recyclable_000774_photo.jpg,recyclable
recyclable_000775_photo.jpg,recyclable
recyclable_000776_photo.jpg,recyclable
recyclable_000777_photo.jpg,recyclable
recyclable_000778_photo.jpg,recyclable
recyclable_000779_photo.jpg,recyclable
recyclable_000780_photo.jpg,recyclable
recyclable_000781_photo.jpg,recyclable
recyclable_000782_photo.jpg,recyclable
recyclable_000783_photo.jpg,recyclable
recyclable_000784_photo.jpg,recyclable
recyclable_000785_photo.jpg,recyclable
recyclable_000786_photo.jpg,recyclable
recyclable_000787_photo.jpg,recyclable
recyclable_000788_photo.jpg,recyclable
recyclable_000789_photo.jpg,recyclable
recyclable_000790_photo.jpg,recyclable
recyclable_000791_photo.jpg,recyclable
recyclable_000792_photo.jpg,recyclable
recyclable_000793_photo.jpg,recyclable
recyclable_000794_photo.jpg,recyclable
recyclable_000795_photo.jpg,recyclable
recyclable_000796_photo.jpg,recyclable
recyclable_000797_photo.jpg,recyclable
recyclable_000798_photo.jpg,recyclable
recyclable_000799_photo.jpg,recyclable
recyclable_000800_photo.jpg,recyclable
recyclable_000801_photo.jpg,recyclable
recyclable_000802_photo.jpg,recyclable
recyclable_000803_photo.jpg,recyclable
recyclable_000804_photo.jpg,recyclable
recyclable_000805_photo.jpg,recyclable
recyclable_000806_photo.jpg,recyclable
recyclable_000807_photo.jpg,recyclable
recyclable_000808_photo.jpg,recyclable
recyclable_000810_photo.jpg,recyclable
recyclable_000811_photo.jpg,recyclable
recyclable_000812_photo.jpg,recyclable
recyclable_000813_photo.jpg,recyclable
recyclable_000814_photo.jpg,recyclable
recyclable_000815_photo.jpg,recyclable
recyclable_000816_photo.jpg,recyclable
recyclable_000817_photo.jpg,recyclable
recyclable_000818_photo.jpg,recyclable
recyclable_000819_photo.jpg,recyclable
recyclable_000820_photo.jpg,recyclable
recyclable_000821_photo.jpg,recyclable
recyclable_000822_photo.jpg,recyclable
recyclable_000823_photo.jpg,recyclable
recyclable_000824_photo.jpg,recyclable
recyclable_000825_photo.jpg,recyclable
recyclable_000826_photo.jpg,recyclable
recyclable_000827_photo.jpg,recyclable
recyclable_000828_photo.jpg,recyclable
recyclable_000829_photo.jpg,recyclable
recyclable_000830_photo.jpg,recyclable
recyclable_000831_photo.jpg,recyclable
recyclable_000832_photo.jpg,recyclable
recyclable_000833_photo.jpg,recyclable
recyclable_000834_photo.jpg,recyclable
recyclable_000835_photo.jpg,recyclable
recyclable_000836_photo.jpg,recyclable
recyclable_000837_photo.jpg,recyclable
recyclable_000838_photo.jpg,recyclable
recyclable_000839_photo.jpg,recyclable
recyclable_000840_photo.jpg,recyclable
recyclable_000841_photo.jpg,recyclable
recyclable_000842_photo.jpg,recyclable
recyclable_000843_photo.jpg,recyclable
recyclable_000844_photo.jpg,recyclable
recyclable_000845_photo.jpg,recyclable
recyclable_000846_photo.jpg,recyclable
recyclable_000847_photo.jpg,recyclable
recyclable_000848_photo.jpg,recyclable
recyclable_000849_photo.jpg,recyclable
recyclable_000850_photo.jpg,recyclable
recyclable_000851_photo.jpg,recyclable
recyclable_000852_photo.jpg,recyclable
recyclable_000853_photo.jpg,recyclable
recyclable_000854_photo.jpg,recyclable
recyclable_000855_photo.jpg,recyclable
recyclable_000856_photo.jpg,recyclable
recyclable_000857_photo.jpg,recyclable
recyclable_000858_photo.jpg,recyclable
recyclable_000859_photo.jpg,recyclable
recyclable_000860_photo.jpg,recyclable
recyclable_000861_photo.jpg,recyclable
recyclable_000862_photo.jpg,recyclable
recyclable_000863_photo.jpg,recyclable
recyclable_000864_photo.jpg,recyclable
recyclable_000865_photo.jpg,recyclable
recyclable_000866_photo.jpg,recyclable
recyclable_000867_photo.jpg,recyclable
recyclable_000868_photo.jpg,recyclable
recyclable_000869_photo.jpg,recyclable
recyclable_000870_photo.jpg,recyclable
recyclable_000871_photo.jpg,recyclable
recyclable_000872_photo.jpg,recyclable
recyclable_000873_photo.jpg,recyclable
recyclable_000874_photo.jpg,recyclable
recyclable_000875_photo.jpg,recyclable
recyclable_000876_photo.jpg,recyclable
recyclable_000877_photo.jpg,recyclable
recyclable_000878_photo.jpg,recyclable
recyclable_000879_photo.jpg,recyclable
recyclable_000880_photo.jpg,recyclable
recyclable_000881_photo.jpg,recyclable
recyclable_000882_photo.jpg,recyclable
recyclable_000883_photo.jpg,recyclable
recyclable_000884_photo.jpg,recyclable
recyclable_000885_photo.jpg,recyclable
recyclable_000886_photo.jpg,recyclable
recyclable_000887_photo.jpg,recyclable
recyclable_000888_photo.jpg,recyclable
recyclable_000889_photo.jpg,recyclable
recyclable_000890_photo.jpg,recyclable
recyclable_000891_photo.jpg,recyclable
recyclable_000892_photo.jpg,recyclable
recyclable_000893_photo.jpg,recyclable
recyclable_000894_photo.jpg,recyclable
recyclable_000895_photo.jpg,recyclable
recyclable_000896_photo.jpg,recyclable
recyclable_000897_photo.jpg,recyclable
recyclable_000898_photo.jpg,recyclable
recyclable_000899_photo.jpg,recyclable
recyclable_000900_photo.jpg,recyclable
recyclable_000901_photo.jpg,recyclable
recyclable_000902_photo.jpg,recyclable
recyclable_000903_photo.jpg,recyclable
recyclable_000904_photo.jpg,recyclable
recyclable_000905_photo.jpg,recyclable
recyclable_000906_photo.jpg,recyclable
recyclable_000907_photo.jpg,recyclable
recyclable_000908_photo.jpg,recyclable
recyclable_000909_photo.jpg,recyclable
recyclable_000910_photo.jpg,recyclable
recyclable_000911_photo.jpg,recyclable
recyclable_000912_photo.jpg,recyclable
recyclable_000913_photo.jpg,recyclable
recyclable_000914_photo.jpg,recyclable
recyclable_000915_photo.jpg,recyclable
recyclable_000916_photo.jpg,recyclable
recyclable_000917_photo.jpg,recyclable
recyclable_000918_photo.jpg,recyclable
recyclable_000919_photo.jpg,recyclable
recyclable_000920_photo.jpg,recyclable
recyclable_000921_photo.jpg,recyclable
recyclable_000922_photo.jpg,recyclable
recyclable_000923_photo.jpg,recyclable
recyclable_000924_photo.jpg,recyclable
recyclable_000925_photo.jpg,recyclable
recyclable_000926_photo.jpg,recyclable
recyclable_000927_photo.jpg,recyclable
recyclable_000928_photo.jpg,recyclable
recyclable_000929_photo.jpg,recyclable
recyclable_000930_photo.jpg,recyclable
recyclable_000931_photo.jpg,recyclable
recyclable_000932_photo.jpg,recyclable
recyclable_000933_photo.jpg,recyclable
recyclable_000934_photo.jpg,recyclable
recyclable_000935_photo.jpg,recyclable
recyclable_000936_photo.jpg,recyclable
recyclable_000937_photo.jpg,recyclable
recyclable_000938_photo.jpg,recyclable
recyclable_000939_photo.jpg,recyclable
recyclable_000940_photo.jpg,recyclable
recyclable_000941_photo.jpg,recyclable
recyclable_000942_photo.jpg,recyclable
recyclable_000943_photo.jpg,recyclable
recyclable_000944_photo.jpg,recyclable
recyclable_000945_photo.jpg,recyclable
recyclable_000946_photo.jpg,recyclable
recyclable_000947_photo.jpg,recyclable
recyclable_000948_photo.jpg,recyclable
recyclable_000949_photo.jpg,recyclable
recyclable_000950_photo.jpg,recyclable
recyclable_000951_photo.jpg,recyclable
recyclable_000952_photo.jpg,recyclable
recyclable_000953_photo.jpg,recyclable
recyclable_000954_photo.jpg,recyclable
recyclable_000955_photo.jpg,recyclable
recyclable_000956_photo.jpg,recyclable
recyclable_000957_photo.jpg,recyclable
recyclable_000958_photo.jpg,recyclable
recyclable_000959_photo.jpg,recyclable
recyclable_000960_photo.jpg,recyclable
recyclable_000961_photo.jpg,recyclable
recyclable_000962_photo.jpg,recyclable
recyclable_000963_photo.jpg,recyclable
recyclable_000964_photo.jpg,recyclable
recyclable_000965_photo.jpg,recyclable
recyclable_000966_photo.jpg,recyclable
recyclable_000967_photo.jpg,recyclable
recyclable_000968_photo.jpg,recyclable
recyclable_000969_photo.jpg,recyclable
recyclable_000970_photo.jpg,recyclable
recyclable_000971_photo.jpg,recyclable
recyclable_000972_photo.jpg,recyclable
recyclable_000973_photo.jpg,recyclable
recyclable_000974_photo.jpg,recyclable
recyclable_000975_photo.jpg,recyclable
recyclable_000976_photo.jpg,recyclable
recyclable_000977_photo.jpg,recyclable
recyclable_000978_photo.jpg,recyclable
recyclable_000979_photo.jpg,recyclable
recyclable_000980_photo.jpg,recyclable
recyclable_000981_photo.jpg,recyclable
recyclable_000982_photo.jpg,recyclable
recyclable_000983_photo.jpg,recyclable
recyclable_000984_photo.jpg,recyclable
recyclable_000985_photo.jpg,recyclable
recyclable_000986_photo.jpg,recyclable
recyclable_000987_photo.jpg,recyclable
recyclable_000988_photo.jpg,recyclable
recyclable_000989_photo.jpg,recyclable
recyclable_000990_photo.jpg,recyclable
recyclable_000991_photo.jpg,recyclable
recyclable_000992_photo.jpg,recyclable
recyclable_000993_photo.jpg,recyclable
recyclable_000994_photo.jpg,recyclable
recyclable_000995_photo.jpg,recyclable
recyclable_000996_photo.jpg,recyclable
recyclable_000997_photo.jpg,recyclable
recyclable_000998_photo.jpg,recyclable
recyclable_000999_photo.jpg,recyclable
recyclable_001000_photo.jpg,recyclable
recyclable_001001_photo.jpg,recyclable
recyclable_001002_photo.jpg,recyclable
recyclable_001003_photo.jpg,recyclable
recyclable_001004_photo.jpg,recyclable
recyclable_001005_photo.jpg,recyclable
recyclable_001006_photo.jpg,recyclable
recyclable_001007_photo.jpg,recyclable
recyclable_001008_photo.jpg,recyclable
recyclable_001009_photo.jpg,recyclable
recyclable_001010_photo.jpg,recyclable
organic_000001_photo.jpg,organic
organic_000002_photo.jpg,organic
organic_000003_photo.jpg,organic
organic_000004_photo.jpg,organic
organic_000005_photo.jpg,organic
organic_000006_photo.jpg,organic
organic_000007_photo.jpg,organic
organic_000008_photo.jpg,organic
organic_000009_photo.jpg,organic
organic_000010_photo.jpg,organic
organic_000011_photo.jpg,organic
organic_000012_photo.jpg,organic
organic_000013_photo.jpg,organic
organic_000014_photo.jpg,organic
organic_000015_photo.jpg,organic
organic_000016_photo.jpg,organic
organic_000017_photo.jpg,organic
organic_000018_photo.jpg,organic
organic_000019_photo.jpg,organic
organic_000020_photo.jpg,organic
organic_000021_photo.jpg,organic
organic_000022_photo.jpg,organic
organic_000023_photo.jpg,organic
organic_000024_photo.jpg,organic
organic_000025_photo.jpg,organic
organic_000026_photo.jpg,organic
organic_000027_photo.jpg,organic
organic_000028_photo.jpg,organic
organic_000029_photo.jpg,organic
organic_000030_photo.jpg,organic
organic_000031_photo.jpg,organic
organic_000032_photo.jpg,organic
organic_000033_photo.jpg,organic
organic_000034_photo.jpg,organic
organic_000035_photo.jpg,organic
organic_000036_photo.jpg,organic
organic_000037_photo.jpg,organic
organic_000038_photo.jpg,organic
organic_000039_photo.jpg,organic
organic_000040_photo.jpg,organic
organic_000041_photo.jpg,organic
organic_000042_photo.jpg,organic
organic_000043_photo.jpg,organic
organic_000044_photo.jpg,organic
organic_000045_photo.jpg,organic
organic_000046_photo.jpg,organic
organic_000047_photo.jpg,organic
organic_000048_photo.jpg,organic
organic_000049_photo.jpg,organic
organic_000050_photo.jpg,organic
organic_000051_photo.jpg,organic
organic_000052_photo.jpg,organic
organic_000053_photo.jpg,organic
organic_000054_photo.jpg,organic
organic_000055_photo.jpg,organic
organic_000056_photo.jpg,organic
organic_000057_photo.jpg,organic
organic_000058_photo.jpg,organic
organic_000059_photo.jpg,organic
organic_000060_photo.jpg,organic
organic_000061_photo.jpg,organic
organic_000062_photo.jpg,organic
organic_000063_photo.jpg,organic
organic_000064_photo.jpg,organic
organic_000065_photo.jpg,organic
organic_000066_photo.jpg,organic
organic_000067_photo.jpg,organic
organic_000068_photo.jpg,organic
organic_000069_photo.jpg,organic
organic_000070_photo.jpg,organic
organic_000071_photo.jpg,organic
organic_000072_photo.jpg,organic
organic_000073_photo.jpg,organic
organic_000074_photo.jpg,organic
organic_000075_photo.jpg,organic
organic_000076_photo.jpg,organic
organic_000077_photo.jpg,organic
organic_000078_photo.jpg,organic
organic_000079_photo.jpg,organic
organic_000080_photo.jpg,organic
organic_000081_photo.jpg,organic
organic_000082_photo.jpg,organic
organic_000083_photo.jpg,organic
organic_000084_photo.jpg,organic
organic_000085_photo.jpg,organic
organic_000086_photo.jpg,organic
organic_000087_photo.jpg,organic
organic_000088_photo.jpg,organic
organic_000089_photo.jpg,organic
organic_000090_photo.jpg,organic
organic_000091_photo.jpg,organic
organic_000092_photo.jpg,organic
organic_000093_photo.jpg,organic
organic_000094_photo.jpg,organic
organic_000095_photo.jpg,organic
organic_000097_photo.jpg,organic
organic_000098_photo.jpg,organic
organic_000099_photo.jpg,organic
organic_000100_photo.jpg,organic
organic_000101_photo.jpg,organic
organic_000102_photo.jpg,organic
organic_000103_photo.jpg,organic
organic_000104_photo.jpg,organic
organic_000105_photo.jpg,organic
organic_000106_photo.jpg,organic
organic_000107_photo.jpg,organic
organic_000108_photo.jpg,organic
organic_000109_photo.jpg,organic
organic_000110_photo.jpg,organic
organic_000111_photo.jpg,organic
organic_000112_photo.jpg,organic
organic_000113_photo.jpg,organic
organic_000114_photo.jpg,organic
organic_000115_photo.jpg,organic
organic_000116_photo.jpg,organic
organic_000117_photo.jpg,organic
organic_000118_photo.jpg,organic
organic_000119_photo.jpg,organic
organic_000120_photo.jpg,organic
organic_000121_photo.jpg,organic
organic_000122_photo.jpg,organic
organic_000123_photo.jpg,organic
organic_000124_photo.jpg,organic
organic_000125_photo.jpg,organic
organic_000126_photo.jpg,organic
organic_000127_photo.jpg,organic
organic_000128_photo.jpg,organic
organic_000129_photo.jpg,organic
organic_000130_photo.jpg,organic
organic_000131_photo.jpg,organic
organic_000132_photo.jpg,organic
organic_000133_photo.jpg,organic
organic_000134_photo.jpg,organic
organic_000135_photo.jpg,organic
organic_000136_photo.jpg,organic
organic_000137_photo.jpg,organic
organic_000138_photo.jpg,organic
organic_000139_photo.jpg,organic
organic_000140_photo.jpg,organic
organic_000141_photo.jpg,organic
organic_000142_photo.jpg,organic
organic_000143_photo.jpg,organic
organic_000144_photo.jpg,organic
organic_000145_photo.jpg,organic
organic_000146_photo.jpg,organic
organic_000147_photo.jpg,organic
organic_000148_photo.jpg,organic
organic_000149_photo.jpg,organic
organic_000150_photo.jpg,organic
organic_000151_photo.jpg,organic
organic_000152_photo.jpg,organic
organic_000153_photo.jpg,organic
organic_000154_photo.jpg,organic
organic_000155_photo.jpg,organic
organic_000156_photo.jpg,organic
organic_000157_photo.jpg,organic
organic_000158_photo.jpg,organic
organic_000159_photo.jpg,organic
organic_000160_photo.jpg,organic
organic_000161_photo.jpg,organic
organic_000162_photo.jpg,organic
organic_000163_photo.jpg,organic
organic_000164_photo.jpg,organic
organic_000165_photo.jpg,organic
organic_000166_photo.jpg,organic
organic_000167_photo.jpg,organic
organic_000168_photo.jpg,organic
organic_000169_photo.jpg,organic
organic_000170_photo.jpg,organic
organic_000171_photo.jpg,organic
organic_000172_photo.jpg,organic
organic_000173_photo.jpg,organic
organic_000174_photo.jpg,organic
organic_000175_photo.jpg,organic
organic_000176_photo.jpg,organic
organic_000177_photo.jpg,organic
organic_000178_photo.jpg,organic
organic_000179_photo.jpg,organic
organic_000180_photo.jpg,organic
organic_000181_photo.jpg,organic
organic_000182_photo.jpg,organic
organic_000183_photo.jpg,organic
organic_000184_photo.jpg,organic
organic_000185_photo.jpg,organic
organic_000186_photo.jpg,organic
organic_000187_photo.jpg,organic
organic_000188_photo.jpg,organic
organic_000189_photo.jpg,organic
organic_000190_photo.jpg,organic
organic_000191_photo.jpg,organic
organic_000192_photo.jpg,organic
organic_000193_photo.jpg,organic
organic_000194_photo.jpg,organic
organic_000195_photo.jpg,organic
organic_000196_photo.jpg,organic
organic_000197_photo.jpg,organic
organic_000198_photo.jpg,organic
organic_000199_photo.jpg,organic
organic_000200_photo.jpg,organic
organic_000201_photo.jpg,organic
organic_000202_photo.jpg,organic
organic_000203_photo.jpg,organic
organic_000204_photo.jpg,organic
organic_000205_photo.jpg,organic
organic_000206_photo.jpg,organic
organic_000207_photo.jpg,organic
organic_000208_photo.jpg,organic
organic_000209_photo.jpg,organic
organic_000210_photo.jpg,organic
organic_000211_photo.jpg,organic
organic_000212_photo.jpg,organic
organic_000213_photo.jpg,organic
organic_000214_photo.jpg,organic
organic_000215_photo.jpg,organic
organic_000216_photo.jpg,organic
organic_000217_photo.jpg,organic
organic_000218_photo.jpg,organic
organic_000219_photo.jpg,organic
organic_000220_photo.jpg,organic
organic_000221_photo.jpg,organic
organic_000222_photo.jpg,organic
organic_000223_photo.jpg,organic
organic_000224_photo.jpg,organic
organic_000225_photo.jpg,organic
organic_000226_photo.jpg,organic
organic_000227_photo.jpg,organic
organic_000228_photo.jpg,organic
organic_000229_photo.jpg,organic
organic_000230_photo.jpg,organic
organic_000231_photo.jpg,organic
organic_000232_photo.jpg,organic
organic_000233_photo.jpg,organic
organic_000234_photo.jpg,organic
organic_000235_photo.jpg,organic
organic_000236_photo.jpg,organic
organic_000237_photo.jpg,organic
organic_000238_photo.jpg,organic
organic_000239_photo.jpg,organic
organic_000240_photo.jpg,organic
organic_000241_photo.jpg,organic
organic_000242_photo.jpg,organic
organic_000243_photo.jpg,organic
organic_000244_photo.jpg,organic
organic_000245_photo.jpg,organic
organic_000246_photo.jpg,organic
organic_000247_photo.jpg,organic
organic_000248_photo.jpg,organic
organic_000249_photo.jpg,organic
organic_000250_photo.jpg,organic
organic_000251_photo.jpg,organic
organic_000252_photo.jpg,organic
organic_000254_photo.jpg,organic
organic_000255_photo.jpg,organic
organic_000256_photo.jpg,organic
organic_000257_photo.jpg,organic
organic_000258_photo.jpg,organic
organic_000259_photo.jpg,organic
organic_000260_photo.jpg,organic
organic_000261_photo.jpg,organic
organic_000262_photo.jpg,organic
organic_000263_photo.jpg,organic
organic_000264_photo.jpg,organic
organic_000265_photo.jpg,organic
organic_000266_photo.jpg,organic
organic_000267_photo.jpg,organic
organic_000268_photo.jpg,organic
organic_000269_photo.jpg,organic
organic_000270_photo.jpg,organic
organic_000271_photo.jpg,organic
organic_000272_photo.jpg,organic
organic_000273_photo.jpg,organic
organic_000274_photo.jpg,organic
organic_000275_photo.jpg,organic
organic_000276_photo.jpg,organic
organic_000277_photo.jpg,organic
organic_000278_photo.jpg,organic
organic_000279_photo.jpg,organic
organic_000280_photo.jpg,organic
organic_000281_photo.jpg,organic
organic_000282_photo.jpg,organic
organic_000283_photo.jpg,organic
organic_000284_photo.jpg,organic
organic_000285_photo.jpg,organic
organic_000286_photo.jpg,organic
organic_000287_photo.jpg,organic
organic_000288_photo.jpg,organic
organic_000289_photo.jpg,organic
organic_000290_photo.jpg,organic
organic_000291_photo.jpg,organic
organic_000292_photo.jpg,organic
organic_000293_photo.jpg,organic
organic_000294_photo.jpg,organic
organic_000295_photo.jpg,organic
organic_000296_photo.jpg,organic
organic_000297_photo.jpg,organic
organic_000298_photo.jpg,organic
organic_000299_photo.jpg,organic
organic_000300_photo.jpg,organic
organic_000301_photo.jpg,organic
organic_000302_photo.jpg,organic
organic_000303_photo.jpg,organic
organic_000304_photo.jpg,organic
organic_000305_photo.jpg,organic
organic_000306_photo.jpg,organic
organic_000307_photo.jpg,organic
organic_000308_photo.jpg,organic
organic_000309_photo.jpg,organic
organic_000310_photo.jpg,organic
organic_000311_photo.jpg,organic
organic_000312_photo.jpg,organic
organic_000313_photo.jpg,organic
organic_000314_photo.jpg,organic
organic_000315_photo.jpg,organic
organic_000316_photo.jpg,organic
organic_000317_photo.jpg,organic
organic_000318_photo.jpg,organic
organic_000319_photo.jpg,organic
organic_000320_photo.jpg,organic
organic_000321_photo.jpg,organic
organic_000322_photo.jpg,organic
organic_000323_photo.jpg,organic
organic_000324_photo.jpg,organic
organic_000325_photo.jpg,organic
organic_000326_photo.jpg,organic
organic_000327_photo.jpg,organic
organic_000328_photo.jpg,organic
organic_000329_photo.jpg,organic
organic_000330_photo.jpg,organic
organic_000331_photo.jpg,organic
organic_000332_photo.jpg,organic
organic_000333_photo.jpg,organic
organic_000334_photo.jpg,organic
organic_000335_photo.jpg,organic
organic_000336_photo.jpg,organic
organic_000337_photo.jpg,organic
organic_000338_photo.jpg,organic
organic_000339_photo.jpg,organic
organic_000340_photo.jpg,organic
organic_000341_photo.jpg,organic
organic_000342_photo.jpg,organic
organic_000343_photo.jpg,organic
organic_000344_photo.jpg,organic
organic_000345_photo.jpg,organic
organic_000346_photo.jpg,organic
organic_000347_photo.jpg,organic
organic_000348_photo.jpg,organic
organic_000349_photo.jpg,organic
organic_000350_photo.jpg,organic
organic_000351_photo.jpg,organic
organic_000352_photo.jpg,organic
organic_000353_photo.jpg,organic
organic_000354_photo.jpg,organic
organic_000355_photo.jpg,organic
organic_000356_photo.jpg,organic
organic_000357_photo.jpg,organic
organic_000358_photo.jpg,organic
organic_000359_photo.jpg,organic
organic_000360_photo.jpg,organic
organic_000361_photo.jpg,organic
organic_000362_photo.jpg,organic
organic_000363_photo.jpg,organic
organic_000364_photo.jpg,organic
organic_000365_photo.jpg,organic
organic_000366_photo.jpg,organic
organic_000367_photo.jpg,organic
organic_000368_photo.jpg,organic
organic_000369_photo.jpg,organic
organic_000370_photo.jpg,organic
organic_000371_photo.jpg,organic
organic_000372_photo.jpg,organic
organic_000373_photo.jpg,organic
organic_000374_photo.jpg,organic
organic_000375_photo.jpg,organic
organic_000376_photo.jpg,organic
organic_000377_photo.jpg,organic
organic_000378_photo.jpg,organic
organic_000379_photo.jpg,organic
organic_000380_photo.jpg,organic
organic_000381_photo.jpg,organic
organic_000382_photo.jpg,organic
organic_000383_photo.jpg,organic
organic_000384_photo.jpg,organic
organic_000385_photo.jpg,organic
organic_000386_photo.jpg,organic
organic_000387_photo.jpg,organic
organic_000388_photo.jpg,organic
organic_000389_photo.jpg,organic
organic_000390_photo.jpg,organic
organic_000391_photo.jpg,organic
organic_000392_photo.jpg,organic
organic_000393_photo.jpg,organic
organic_000394_photo.jpg,organic
organic_000395_photo.jpg,organic
organic_000396_photo.jpg,organic
organic_000397_photo.jpg,organic
organic_000398_photo.jpg,organic
organic_000399_photo.jpg,organic
organic_000400_photo.jpg,organic
organic_000401_photo.jpg,organic
organic_000402_photo.jpg,organic
organic_000403_photo.jpg,organic
organic_000404_photo.jpg,organic
organic_000405_photo.jpg,organic
organic_000406_photo.jpg,organic
organic_000407_photo.jpg,organic
organic_000408_photo.jpg,organic
organic_000409_photo.jpg,organic
organic_000410_photo.jpg,organic
organic_000411_photo.jpg,organic
organic_000412_photo.jpg,organic
organic_000413_photo.jpg,organic
organic_000414_photo.jpg,organic
organic_000416_photo.jpg,organic
organic_000417_photo.jpg,organic
organic_000418_photo.jpg,organic
organic_000419_photo.jpg,organic
organic_000420_photo.jpg,organic
organic_000421_photo.jpg,organic
organic_000422_photo.jpg,organic
organic_000423_photo.jpg,organic
organic_000424_photo.jpg,organic
organic_000425_photo.jpg,organic
organic_000426_photo.jpg,organic
organic_000427_photo.jpg,organic
organic_000428_photo.jpg,organic
organic_000429_photo.jpg,organic
organic_000430_photo.jpg,organic
organic_000431_photo.jpg,organic
organic_000432_photo.jpg,organic
organic_000433_photo.jpg,organic
organic_000434_photo.jpg,organic
organic_000435_photo.jpg,organic
organic_000436_photo.jpg,organic
organic_000437_photo.jpg,organic
organic_000438_photo.jpg,organic
organic_000439_photo.jpg,organic
organic_000440_photo.jpg,organic
organic_000441_photo.jpg,organic
organic_000442_photo.jpg,organic
organic_000443_photo.jpg,organic
organic_000444_photo.jpg,organic
organic_000445_photo.jpg,organic
organic_000446_photo.jpg,organic
organic_000447_photo.jpg,organic
organic_000448_photo.jpg,organic
organic_000449_photo.jpg,organic
organic_000450_photo.jpg,organic
organic_000451_photo.jpg,organic
organic_000452_photo.jpg,organic
organic_000453_photo.jpg,organic
organic_000454_photo.jpg,organic
organic_000455_photo.jpg,organic
organic_000456_photo.jpg,organic
organic_000457_photo.jpg,organic
organic_000458_photo.jpg,organic
organic_000459_photo.jpg,organic
organic_000460_photo.jpg,organic
organic_000461_photo.jpg,organic
organic_000462_photo.jpg,organic
organic_000463_photo.jpg,organic
organic_000464_photo.jpg,organic
organic_000465_photo.jpg,organic
organic_000466_photo.jpg,organic
organic_000467_photo.jpg,organic
organic_000468_photo.jpg,organic
organic_000469_photo.jpg,organic
organic_000470_photo.jpg,organic
organic_000471_photo.jpg,organic
organic_000472_photo.jpg,organic
organic_000473_photo.jpg,organic
organic_000474_photo.jpg,organic
organic_000475_photo.jpg,organic
organic_000476_photo.jpg,organic
organic_000477_photo.jpg,organic
organic_000478_photo.jpg,organic
organic_000479_photo.jpg,organic
organic_000480_photo.jpg,organic
organic_000481_photo.jpg,organic
organic_000482_photo.jpg,organic
organic_000483_photo.jpg,organic
organic_000484_photo.jpg,organic
organic_000485_photo.jpg,organic
organic_000486_photo.jpg,organic
organic_000487_photo.jpg,organic
organic_000488_photo.jpg,organic
organic_000489_photo.jpg,organic
organic_000491_photo.jpg,organic
organic_000492_photo.jpg,organic
organic_000493_photo.jpg,organic
organic_000494_photo.jpg,organic
organic_000495_photo.jpg,organic
organic_000496_photo.jpg,organic
organic_000497_photo.jpg,organic
organic_000498_photo.jpg,organic
organic_000499_photo.jpg,organic
organic_000500_photo.jpg,organic
organic_000501_photo.jpg,organic
organic_000502_photo.jpg,organic
organic_000503_photo.jpg,organic
organic_000504_photo.jpg,organic
organic_000505_photo.jpg,organic
organic_000506_photo.jpg,organic
organic_000507_photo.jpg,organic
organic_000508_photo.jpg,organic
organic_000509_photo.jpg,organic
organic_000510_photo.jpg,organic
organic_000511_photo.jpg,organic
organic_000512_photo.jpg,organic
organic_000513_photo.jpg,organic
organic_000514_photo.jpg,organic
organic_000515_photo.jpg,organic
organic_000516_photo.jpg,organic
organic_000517_photo.jpg,organic
organic_000518_photo.jpg,organic
organic_000519_photo.jpg,organic
organic_000520_photo.jpg,organic
organic_000521_photo.jpg,organic
organic_000522_photo.jpg,organic
organic_000523_photo.jpg,organic
organic_000524_photo.jpg,organic
organic_000525_photo.jpg,organic
organic_000526_photo.jpg,organic
organic_000527_photo.jpg,organic
organic_000528_photo.jpg,organic
organic_000529_photo.jpg,organic
organic_000530_photo.jpg,organic
organic_000531_photo.jpg,organic
organic_000532_photo.jpg,organic
organic_000533_photo.jpg,organic
organic_000534_photo.jpg,organic
organic_000535_photo.jpg,organic
organic_000536_photo.jpg,organic
organic_000537_photo.jpg,organic
organic_000538_photo.jpg,organic
organic_000539_photo.jpg,organic
organic_000540_photo.jpg,organic
organic_000541_photo.jpg,organic
organic_000542_photo.jpg,organic
organic_000543_photo.jpg,organic
organic_000544_photo.jpg,organic
organic_000545_photo.jpg,organic
organic_000546_photo.jpg,organic
organic_000547_photo.jpg,organic
organic_000548_photo.jpg,organic
organic_000549_photo.jpg,organic
organic_000550_photo.jpg,organic
organic_000551_photo.jpg,organic
organic_000552_photo.jpg,organic
organic_000553_photo.jpg,organic
organic_000554_photo.jpg,organic
organic_000555_photo.jpg,organic
organic_000556_photo.jpg,organic
organic_000557_photo.jpg,organic
organic_000558_photo.jpg,organic
organic_000559_photo.jpg,organic
organic_000560_photo.jpg,organic
organic_000561_photo.jpg,organic
organic_000562_photo.jpg,organic
organic_000563_photo.jpg,organic
organic_000564_photo.jpg,organic
organic_000565_photo.jpg,organic
organic_000566_photo.jpg,organic
organic_000567_photo.jpg,organic
organic_000568_photo.jpg,organic
organic_000569_photo.jpg,organic
organic_000570_photo.jpg,organic
organic_000571_photo.jpg,organic
organic_000572_photo.jpg,organic
organic_000573_photo.jpg,organic
organic_000574_photo.jpg,organic
organic_000575_photo.jpg,organic
organic_000576_photo.jpg,organic
organic_000577_photo.jpg,organic
organic_000578_photo.jpg,organic
organic_000579_photo.jpg,organic
organic_000580_photo.jpg,organic
organic_000581_photo.jpg,organic
organic_000582_photo.jpg,organic
organic_000583_photo.jpg,organic
organic_000584_photo.jpg,organic
organic_000585_photo.jpg,organic
organic_000586_photo.jpg,organic
organic_000587_photo.jpg,organic
organic_000588_photo.jpg,organic
organic_000589_photo.jpg,organic
organic_000590_photo.jpg,organic
organic_000591_photo.jpg,organic
organic_000592_photo.jpg,organic
organic_000593_photo.jpg,organic
organic_000594_photo.jpg,organic
organic_000595_photo.jpg,organic
organic_000596_photo.jpg,organic
organic_000597_photo.jpg,organic
organic_000598_photo.jpg,organic
organic_000599_photo.jpg,organic
organic_000600_photo.jpg,organic
organic_000601_photo.jpg,organic
organic_000602_photo.jpg,organic
organic_000603_photo.jpg,organic
organic_000604_photo.jpg,organic
organic_000605_photo.jpg,organic
organic_000606_photo.jpg,organic
organic_000607_photo.jpg,organic
organic_000608_photo.jpg,organic
organic_000609_photo.jpg,organic
organic_000610_photo.jpg,organic
organic_000611_photo.jpg,organic
organic_000612_photo.jpg,organic
organic_000613_photo.jpg,organic
organic_000614_photo.jpg,organic
organic_000615_photo.jpg,organic
organic_000616_photo.jpg,organic
organic_000617_photo.jpg,organic
organic_000618_photo.jpg,organic
organic_000619_photo.jpg,organic
organic_000620_photo.jpg,organic
organic_000621_photo.jpg,organic
organic_000622_photo.jpg,organic
organic_000623_photo.jpg,organic
organic_000624_photo.jpg,organic
organic_000625_photo.jpg,organic
organic_000626_photo.jpg,organic
organic_000627_photo.jpg,organic
organic_000628_photo.jpg,organic
organic_000629_photo.jpg,organic
organic_000630_photo.jpg,organic
organic_000631_photo.jpg,organic
organic_000632_photo.jpg,organic
organic_000633_photo.jpg,organic
organic_000634_photo.jpg,organic
organic_000635_photo.jpg,organic
organic_000636_photo.jpg,organic
organic_000637_photo.jpg,organic
organic_000638_photo.jpg,organic
organic_000639_photo.jpg,organic
organic_000640_photo.jpg,organic
organic_000641_photo.jpg,organic
organic_000642_photo.jpg,organic
organic_000643_photo.jpg,organic
organic_000644_photo.jpg,organic
organic_000645_photo.jpg,organic
organic_000646_photo.jpg,organic
organic_000647_photo.jpg,organic
organic_000648_photo.jpg,organic
organic_000649_photo.jpg,organic
organic_000650_photo.jpg,organic
organic_000651_photo.jpg,organic
organic_000652_photo.jpg,organic
organic_000653_photo.jpg,organic
organic_000654_photo.jpg,organic
organic_000655_photo.jpg,organic
organic_000656_photo.jpg,organic
organic_000657_photo.jpg,organic
organic_000658_photo.jpg,organic
organic_000659_photo.jpg,organic
organic_000660_photo.jpg,organic
organic_000661_photo.jpg,organic
organic_000662_photo.jpg,organic
organic_000663_photo.jpg,organic
organic_000664_photo.jpg,organic
organic_000665_photo.jpg,organic
organic_000666_photo.jpg,organic
organic_000667_photo.jpg,organic
organic_000668_photo.jpg,organic
organic_000669_photo.jpg,organic
organic_000670_photo.jpg,organic
organic_000672_photo.jpg,organic
organic_000673_photo.jpg,organic
organic_000674_photo.jpg,organic
organic_000675_photo.jpg,organic
organic_000676_photo.jpg,organic
organic_000677_photo.jpg,organic
organic_000678_photo.jpg,organic
organic_000679_photo.jpg,organic
organic_000680_photo.jpg,organic
organic_000681_photo.jpg,organic
organic_000682_photo.jpg,organic
organic_000683_photo.jpg,organic
organic_000684_photo.jpg,organic
organic_000685_photo.jpg,organic
organic_000686_photo.jpg,organic
organic_000687_photo.jpg,organic
organic_000688_photo.jpg,organic
organic_000689_photo.jpg,organic
organic_000690_photo.jpg,organic
organic_000691_photo.jpg,organic
organic_000692_photo.jpg,organic
organic_000693_photo.jpg,organic
organic_000694_photo.jpg,organic
organic_000695_photo.jpg,organic
organic_000696_photo.jpg,organic
organic_000697_photo.jpg,organic
organic_000698_photo.jpg,organic
organic_000699_photo.jpg,organic
organic_000700_photo.jpg,organic
organic_000701_photo.jpg,organic
organic_000702_photo.jpg,organic
organic_000703_photo.jpg,organic
organic_000704_photo.jpg,organic
organic_000705_photo.jpg,organic
organic_000706_photo.jpg,organic
organic_000707_photo.jpg,organic
organic_000708_photo.jpg,organic
organic_000709_photo.jpg,organic
organic_000710_photo.jpg,organic
organic_000711_photo.jpg,organic
organic_000712_photo.jpg,organic
organic_000713_photo.jpg,organic
organic_000714_photo.jpg,organic
organic_000715_photo.jpg,organic
organic_000716_photo.jpg,organic
organic_000717_photo.jpg,organic
organic_000718_photo.jpg,organic
organic_000719_photo.jpg,organic
organic_000720_photo.jpg,organic
organic_000721_photo.jpg,organic
organic_000722_photo.jpg,organic
organic_000723_photo.jpg,organic
organic_000724_photo.jpg,organic
organic_000725_photo.jpg,organic
organic_000726_photo.jpg,organic
organic_000727_photo.jpg,organic
organic_000728_photo.jpg,organic
organic_000729_photo.jpg,organic
organic_000730_photo.jpg,organic
organic_000731_photo.jpg,organic
organic_000732_photo.jpg,organic
organic_000733_photo.jpg,organic
organic_000734_photo.jpg,organic
organic_000735_photo.jpg,organic
organic_000736_photo.jpg,organic
organic_000737_photo.jpg,organic
organic_000738_photo.jpg,organic
organic_000739_photo.jpg,organic
organic_000740_photo.jpg,organic
organic_000741_photo.jpg,organic
organic_000742_photo.jpg,organic
organic_000743_photo.jpg,organic
organic_000744_photo.jpg,organic
organic_000745_photo.jpg,organic
organic_000746_photo.jpg,organic
organic_000747_photo.jpg,organic
organic_000748_photo.jpg,organic
organic_000749_photo.jpg,organic
organic_000750_photo.jpg,organic
organic_000751_photo.jpg,organic
organic_000752_photo.jpg,organic
organic_000753_photo.jpg,organic
organic_000754_photo.jpg,organic
organic_000755_photo.jpg,organic

